timezone,temp,humidity,description
2025-02-19 05:40:47,0.76,29,clear sky
2025-02-19 05:46:22,0.76,29,clear sky
2025-02-19 05:49:56,0.76,29,clear sky
2025-02-19 05:55:48,0.76,29,clear sky
2025-02-19 06:42:36,1.76,25,clear sky
2025-02-19 06:52:13,1.76,25,clear sky
2025-02-19 07:26:11,0.76,25,clear sky
2025-02-19 07:38:50,0.76,25,clear sky
2025-02-19 07:48:32,0.76,25,clear sky
2025-02-19 07:58:01,0.76,25,clear sky
2025-02-19 08:40:42,0.76,29,clear sky
2025-02-19 08:51:53,0.76,29,clear sky
2025-02-19 09:30:27,-1.24,29,clear sky
2025-02-19 09:41:38,-1.24,29,clear sky
2025-02-19 09:51:34,-1.24,29,clear sky
2025-02-19 10:38:02,-3.24,39,clear sky
2025-02-19 10:47:44,-3.24,39,clear sky
2025-02-19 10:57:26,-3.24,39,clear sky
2025-02-19 11:24:03,-2.72,29,clear sky
2025-02-19 11:37:19,-3.24,43,clear sky
2025-02-19 11:47:11,-3.24,43,clear sky
2025-02-19 11:56:41,-3.24,43,clear sky
2025-02-19 13:02:49,-4.24,50,clear sky
2025-02-19 13:35:47,-5.24,50,clear sky
2025-02-19 13:45:15,-5.24,50,clear sky
2025-02-19 13:54:55,-5.24,50,clear sky
2025-02-19 14:35:55,-5.24,54,clear sky
2025-02-19 14:45:50,-5.24,54,clear sky
2025-02-19 14:55:26,-5.24,54,clear sky
2025-02-19 15:32:16,-6.24,58,clear sky
2025-02-19 15:42:20,-6.24,58,clear sky
2025-02-19 15:52:24,-6.24,58,clear sky
2025-02-19 16:40:45,-6.24,58,clear sky
2025-02-19 16:52:27,-6.24,58,clear sky
2025-02-19 17:30:48,-8.24,62,clear sky
2025-02-19 17:41:31,-8.24,62,clear sky
2025-02-19 17:51:14,-8.24,62,clear sky
2025-02-19 18:40:35,-8.24,67,clear sky
2025-02-19 18:51:05,-8.24,67,clear sky
2025-02-19 19:19:16,-3.86,41,clear sky
2025-02-19 19:28:59,-9.24,73,clear sky
2025-02-19 19:39:01,-9.24,73,clear sky
2025-02-19 19:48:43,-9.24,73,clear sky
2025-02-19 19:58:21,-9.24,73,clear sky
2025-02-19 20:31:50,-10.24,85,clear sky
2025-02-19 20:42:11,-10.24,85,clear sky
2025-02-19 20:51:49,-10.24,85,clear sky
2025-02-19 21:25:03,-10.24,85,clear sky
2025-02-19 21:37:36,-10.24,85,clear sky
2025-02-19 21:47:23,-10.24,85,clear sky
2025-02-19 21:56:54,-10.24,85,clear sky
2025-02-19 22:31:23,-8.24,73,clear sky
2025-02-19 22:40:56,-8.24,73,clear sky
2025-02-19 22:50:26,-8.24,73,clear sky
2025-02-19 22:59:53,-8.24,73,clear sky
2025-02-19 23:28:00,-7.24,73,clear sky
2025-02-19 23:39:48,-7.24,73,clear sky
2025-02-19 23:49:12,-7.24,73,clear sky
2025-02-19 23:58:44,-7.24,73,clear sky
2025-02-20 02:54:14,-0.24,32,clear sky
2025-02-20 03:39:01,0.76,29,clear sky
2025-02-20 03:48:37,0.76,29,clear sky
2025-02-20 03:58:09,0.76,29,clear sky
2025-02-20 04:37:31,0.76,29,clear sky
2025-02-20 04:47:12,0.76,29,clear sky
2025-02-20 04:56:41,0.76,29,clear sky
2025-02-20 05:33:07,1.76,27,clear sky
2025-02-20 05:42:42,1.76,27,clear sky
2025-02-20 05:52:23,1.76,27,clear sky
2025-02-20 06:41:25,1.76,27,clear sky
2025-02-20 06:51:03,1.76,27,clear sky
2025-02-20 07:25:22,1.76,27,clear sky
2025-02-20 07:37:33,1.76,27,clear sky
2025-02-20 07:47:26,1.76,27,clear sky
2025-02-20 07:56:59,1.76,27,clear sky
2025-02-20 08:39:57,0.76,23,clear sky
2025-02-20 08:50:50,0.76,23,clear sky
2025-02-20 09:30:06,-1.24,29,clear sky
2025-02-20 09:42:03,-1.24,29,clear sky
2025-02-20 09:51:52,-1.24,29,clear sky
2025-02-20 10:38:30,-2.24,34,clear sky
2025-02-20 10:48:35,-2.24,34,clear sky
2025-02-20 10:58:26,-2.24,34,clear sky
2025-02-20 11:24:24,-3.24,36,clear sky
2025-02-20 11:37:26,-3.24,36,clear sky
2025-02-20 11:46:54,-3.24,36,clear sky
2025-02-20 11:56:22,-3.24,36,clear sky
2025-02-20 13:04:36,-4.24,39,clear sky
2025-02-20 13:37:52,-5.24,50,clear sky
2025-02-20 13:47:37,-5.24,50,clear sky
2025-02-20 13:57:14,-5.24,50,clear sky
2025-02-20 14:37:17,-5.24,54,clear sky
2025-02-20 14:47:20,-5.24,54,clear sky
2025-02-20 14:56:49,-5.24,54,clear sky
2025-02-20 15:34:28,-6.24,58,clear sky
2025-02-20 15:44:36,-6.24,58,clear sky
2025-02-20 15:54:44,-6.24,58,clear sky
2025-02-20 16:44:09,-7.24,63,clear sky
2025-02-20 16:55:09,-7.24,63,clear sky
2025-02-20 17:28:57,-6.24,63,clear sky
2025-02-20 17:41:17,-6.24,63,clear sky
2025-02-20 17:51:03,-6.24,63,clear sky
2025-02-20 18:41:12,-7.24,63,clear sky
2025-02-20 18:50:58,-7.24,63,clear sky
2025-02-20 19:20:52,-4.01,42,clear sky
2025-02-20 21:26:03,-10.24,79,clear sky
2025-02-20 21:37:29,-10.24,79,clear sky
2025-02-20 21:47:08,-10.24,79,clear sky
2025-02-20 21:56:35,-10.24,79,clear sky
2025-02-20 22:33:30,-10.24,85,clear sky
2025-02-20 22:43:01,-10.24,85,clear sky
2025-02-20 22:52:51,-10.24,85,clear sky
2025-02-20 23:28:19,-7.24,73,clear sky
2025-02-20 23:39:45,-7.24,73,clear sky
2025-02-20 23:49:41,-7.24,73,clear sky
2025-02-20 23:59:14,-7.24,73,clear sky
2025-02-21 02:55:09,-0.24,32,clear sky
2025-02-21 03:38:00,0.76,32,clear sky
2025-02-21 03:47:30,0.76,32,clear sky
2025-02-21 03:56:55,0.76,32,clear sky
2025-02-21 04:41:52,0.76,32,clear sky
2025-02-21 04:51:15,0.76,32,clear sky
2025-02-21 05:31:51,0.76,32,clear sky
2025-02-21 05:41:49,0.76,32,clear sky
2025-02-21 05:51:37,0.76,32,clear sky
2025-02-21 06:41:23,0.76,37,clear sky
2025-02-21 06:51:01,0.76,37,clear sky
2025-02-21 07:25:41,0.76,40,clear sky
2025-02-21 07:37:22,0.76,40,clear sky
2025-02-21 07:46:54,0.76,40,clear sky
2025-02-21 07:56:18,0.76,40,clear sky
2025-02-21 08:38:12,1.76,30,clear sky
2025-02-21 08:49:16,1.76,30,clear sky
2025-02-21 08:58:45,1.76,30,clear sky
2025-02-21 09:30:49,-0.24,27,clear sky
2025-02-21 09:40:56,-0.24,27,clear sky
2025-02-21 09:50:43,-0.24,27,clear sky
2025-02-21 10:00:13,-0.24,27,clear sky
2025-02-21 10:38:07,-2.24,37,clear sky
2025-02-21 10:47:36,-2.24,37,clear sky
2025-02-21 10:57:16,-2.24,37,clear sky
2025-02-21 11:25:51,-2.15,33,clear sky
2025-02-21 11:38:05,-2.24,40,clear sky
2025-02-21 11:48:00,-2.24,40,clear sky
2025-02-21 11:57:42,-2.24,40,clear sky
2025-02-21 13:03:45,-3.24,46,clear sky
2025-02-21 13:31:59,-4.24,50,clear sky
2025-02-21 13:41:32,-4.24,50,clear sky
2025-02-21 13:51:17,-4.24,50,clear sky
2025-02-21 14:31:37,-4.24,50,clear sky
2025-02-21 14:42:46,-4.24,50,clear sky
2025-02-21 14:52:43,-4.24,50,clear sky
2025-02-21 15:30:30,-4.24,54,clear sky
2025-02-21 15:41:48,-4.24,54,clear sky
2025-02-21 15:51:58,-4.24,54,clear sky
2025-02-21 16:39:10,-5.24,58,clear sky
2025-02-21 16:49:13,-5.24,58,clear sky
2025-02-21 16:58:53,-5.24,58,clear sky
2025-02-21 17:28:16,-5.24,63,clear sky
2025-02-21 17:39:18,-5.24,63,clear sky
2025-02-21 17:48:46,-5.24,63,clear sky
2025-02-21 17:58:29,-5.24,63,clear sky
2025-02-21 18:41:51,-6.24,73,clear sky
2025-02-21 18:51:28,-6.24,73,clear sky
2025-02-21 19:19:54,-4,38,clear sky
2025-02-21 19:29:25,-7.24,73,clear sky
2025-02-21 19:38:52,-7.24,73,clear sky
2025-02-21 19:48:40,-7.24,73,clear sky
2025-02-21 19:58:17,-7.24,73,clear sky
2025-02-21 20:30:47,-8.24,86,clear sky
2025-02-21 20:42:20,-8.24,86,clear sky
2025-02-21 20:52:08,-8.24,86,clear sky
2025-02-21 21:22:44,-7.24,73,clear sky
2025-02-21 21:35:43,-7.24,73,clear sky
2025-02-21 21:45:10,-7.24,73,clear sky
2025-02-21 21:54:40,-7.24,73,clear sky
2025-02-21 22:32:35,-7.24,79,clear sky
2025-02-21 22:42:00,-7.24,79,clear sky
2025-02-21 22:52:00,-7.24,79,clear sky
2025-02-21 23:26:56,-6.24,73,clear sky
2025-02-21 23:38:56,-6.24,73,clear sky
2025-02-21 23:48:25,-6.24,73,clear sky
2025-02-21 23:57:56,-6.24,73,clear sky
2025-02-22 02:39:23,-0.24,34,clear sky
2025-02-22 03:31:02,0.76,34,clear sky
2025-02-22 03:42:14,0.76,34,clear sky
2025-02-22 03:52:04,0.76,34,clear sky
2025-02-22 04:38:04,1.76,32,clear sky
2025-02-22 04:47:32,1.76,32,clear sky
2025-02-22 04:57:32,1.76,32,clear sky
2025-02-22 05:31:15,0.76,34,clear sky
2025-02-22 05:40:54,0.76,34,clear sky
2025-02-22 05:50:21,0.76,34,clear sky
2025-02-22 05:59:57,0.76,34,clear sky
2025-02-22 06:44:47,0.76,37,clear sky
2025-02-22 06:54:42,0.76,37,clear sky
2025-02-22 07:23:11,-0.02,28,clear sky
2025-02-22 07:35:49,0.76,37,clear sky
2025-02-22 07:45:26,0.76,37,clear sky
2025-02-22 07:54:55,0.76,37,clear sky
2025-02-22 08:33:07,0.76,37,clear sky
2025-02-22 08:44:32,0.76,37,clear sky
2025-02-22 08:53:59,0.76,37,clear sky
2025-02-22 09:27:08,-1.24,47,clear sky
2025-02-22 09:37:30,-1.24,47,clear sky
2025-02-22 09:47:10,-1.24,47,clear sky
2025-02-22 09:56:37,-1.24,47,clear sky
2025-02-22 10:38:26,-1.24,51,clear sky
2025-02-22 10:47:58,-1.24,51,clear sky
2025-02-22 10:57:34,-1.24,51,clear sky
2025-02-22 11:20:35,-2.26,34,clear sky
2025-02-22 11:30:10,-2.24,37,clear sky
2025-02-22 11:39:47,-2.24,37,clear sky
2025-02-22 11:49:46,-2.24,37,clear sky
2025-02-22 11:59:30,-2.24,37,clear sky
2025-02-22 12:58:14,-4.24,42,clear sky
2025-02-22 13:28:44,-5.24,46,clear sky
2025-02-22 13:38:48,-5.24,46,clear sky
2025-02-22 13:48:40,-5.24,46,clear sky
2025-02-22 13:58:36,-5.24,46,clear sky
2025-02-22 14:30:15,-5.24,50,clear sky
2025-02-22 14:39:50,-5.24,50,clear sky
2025-02-22 14:49:39,-5.24,50,clear sky
2025-02-22 14:59:27,-5.24,50,clear sky
2025-02-22 15:28:20,-6.24,53,clear sky
2025-02-22 15:38:32,-6.24,53,clear sky
2025-02-22 15:48:22,-6.24,53,clear sky
2025-02-22 15:58:01,-6.24,53,clear sky
2025-02-22 16:36:33,-6.24,58,clear sky
2025-02-22 16:46:19,-6.24,58,clear sky
2025-02-22 16:56:14,-6.24,58,clear sky
2025-02-22 17:30:23,-8.24,62,clear sky
2025-02-22 17:39:47,-8.24,62,clear sky
2025-02-22 17:49:40,-8.24,62,clear sky
2025-02-22 17:59:19,-8.24,62,clear sky
2025-02-22 18:38:20,-7.24,58,clear sky
2025-02-22 18:47:52,-7.24,58,clear sky
2025-02-22 18:57:43,-7.24,58,clear sky
2025-02-22 19:20:24,-9.24,67,clear sky
2025-02-22 19:30:03,-9.24,67,clear sky
2025-02-22 19:39:42,-9.24,67,clear sky
2025-02-22 19:49:11,-9.24,67,clear sky
2025-02-22 19:58:38,-9.24,67,clear sky
2025-02-22 20:28:48,-8.24,67,clear sky
2025-02-22 20:40:19,-8.24,67,clear sky
2025-02-22 20:49:44,-8.24,67,clear sky
2025-02-22 20:59:12,-8.24,67,clear sky
2025-02-22 21:26:25,-8.24,67,clear sky
2025-02-22 21:38:00,-8.24,67,clear sky
2025-02-22 21:47:41,-8.24,67,clear sky
2025-02-22 21:57:05,-8.24,67,clear sky
2025-02-22 22:30:53,-7.24,63,clear sky
2025-02-22 22:40:26,-7.24,63,clear sky
2025-02-22 22:50:04,-7.24,63,clear sky
2025-02-22 22:59:42,-7.24,63,clear sky
2025-02-22 23:25:36,-4.93,37,clear sky
2025-02-22 23:38:04,-5.24,58,clear sky
2025-02-22 23:48:10,-5.24,58,clear sky
2025-02-22 23:57:42,-5.24,58,clear sky
2025-02-23 02:58:44,-1.24,37,clear sky
2025-02-23 03:39:27,-2.24,34,few clouds
2025-02-23 03:49:09,-2.24,34,few clouds
2025-02-23 03:58:33,-2.24,34,few clouds
2025-02-23 04:39:32,-0.24,32,few clouds
2025-02-23 04:49:02,-0.24,32,few clouds
2025-02-23 04:58:29,-0.24,32,few clouds
2025-02-23 05:31:39,-0.24,27,clear sky
2025-02-23 05:41:20,-0.24,27,clear sky
2025-02-23 05:50:54,-0.24,27,clear sky
2025-02-23 06:38:32,-0.24,29,clear sky
2025-02-23 06:48:00,-0.24,29,clear sky
2025-02-23 06:57:42,-0.24,29,clear sky
2025-02-23 07:25:45,-0.24,34,clear sky
2025-02-23 07:37:28,-0.24,34,clear sky
2025-02-23 07:46:57,-0.24,34,clear sky
2025-02-23 07:56:35,-0.24,34,clear sky
2025-02-23 08:34:54,-0.24,29,clear sky
2025-02-23 08:46:18,-0.24,29,clear sky
2025-02-23 08:56:04,-0.24,29,clear sky
2025-02-23 09:29:16,-2.24,34,clear sky
2025-02-23 09:41:16,-2.24,34,clear sky
2025-02-23 09:50:49,-2.24,34,clear sky
2025-02-23 10:33:18,-3.24,36,clear sky
2025-02-23 10:42:47,-3.24,36,clear sky
2025-02-23 10:52:15,-3.24,36,clear sky
2025-02-23 11:21:09,-4.24,42,clear sky
2025-02-23 11:30:48,-4.24,42,clear sky
2025-02-23 11:40:24,-4.24,42,clear sky
2025-02-23 11:50:00,-4.24,42,clear sky
2025-02-23 11:59:25,-4.24,42,clear sky
2025-02-23 12:59:53,-5.24,50,clear sky
2025-02-23 13:29:05,-5.24,50,clear sky
2025-02-23 13:39:11,-5.24,50,clear sky
2025-02-23 13:49:06,-5.24,50,clear sky
2025-02-23 13:58:34,-5.24,50,clear sky
2025-02-23 14:30:41,-6.24,53,clear sky
2025-02-23 14:42:09,-6.24,53,clear sky
2025-02-23 14:51:38,-6.24,53,clear sky
2025-02-23 15:26:11,-6.24,53,clear sky
2025-02-23 15:39:58,-6.24,53,clear sky
2025-02-23 15:49:47,-6.24,53,clear sky
2025-02-23 15:59:14,-6.24,53,clear sky
2025-02-23 16:36:44,-6.24,58,clear sky
2025-02-23 16:46:20,-6.24,58,clear sky
2025-02-23 16:56:01,-6.24,58,clear sky
2025-02-23 17:27:51,-8.24,62,clear sky
2025-02-23 17:40:45,-8.24,62,clear sky
2025-02-23 17:50:03,-8.24,62,clear sky
2025-02-23 17:59:46,-8.24,62,clear sky
2025-02-23 18:38:00,-8.24,67,clear sky
2025-02-23 18:47:34,-8.24,67,clear sky
2025-02-23 18:57:17,-8.24,67,clear sky
2025-02-23 19:19:40,-8.24,67,clear sky
2025-02-23 19:29:18,-10.24,79,clear sky
2025-02-23 19:39:05,-10.24,79,clear sky
2025-02-23 19:48:50,-10.24,79,clear sky
2025-02-23 19:58:19,-10.24,79,clear sky
2025-02-23 20:29:57,-10.24,73,clear sky
2025-02-23 20:41:25,-10.24,73,clear sky
2025-02-23 20:51:17,-10.24,73,clear sky
2025-02-23 21:24:43,-9.24,73,clear sky
2025-02-23 21:35:53,-9.24,73,clear sky
2025-02-23 21:45:21,-9.24,73,clear sky
2025-02-23 21:54:52,-9.24,73,clear sky
2025-02-23 22:31:13,-10.24,79,clear sky
2025-02-23 22:40:51,-10.24,79,clear sky
2025-02-23 22:50:37,-10.24,79,clear sky
2025-02-23 23:00:08,-10.24,79,clear sky
2025-02-23 23:26:16,-4.24,43,clear sky
2025-02-23 23:38:55,-7.24,68,clear sky
2025-02-23 23:48:30,-7.24,68,clear sky
2025-02-23 23:58:06,-7.24,68,clear sky
2025-02-24 02:59:37,0.76,32,clear sky
2025-02-24 03:42:44,1.76,30,clear sky
2025-02-24 03:52:22,1.76,30,clear sky
2025-02-24 04:36:49,2.76,30,clear sky
2025-02-24 04:46:36,2.76,30,clear sky
2025-02-24 04:56:18,2.76,30,clear sky
2025-02-24 05:32:54,3.76,33,clear sky
2025-02-24 05:42:31,3.76,33,clear sky
2025-02-24 05:52:16,3.76,33,clear sky
2025-02-24 06:44:01,3.76,33,clear sky
2025-02-24 06:53:38,3.76,33,clear sky
2025-02-24 07:26:40,2.2,24,clear sky
2025-02-24 07:38:04,3.76,30,clear sky
2025-02-24 07:47:51,3.76,30,clear sky
2025-02-24 07:57:32,3.76,30,clear sky
2025-02-24 08:41:45,3.76,30,clear sky
2025-02-24 08:52:11,3.76,30,clear sky
2025-02-24 09:31:41,1.76,35,clear sky
2025-02-24 09:42:36,1.76,35,clear sky
2025-02-24 09:51:58,1.76,35,clear sky
2025-02-24 10:38:56,0.76,40,clear sky
2025-02-24 10:48:49,0.76,40,clear sky
2025-02-24 10:58:26,0.76,40,clear sky
2025-02-24 11:24:36,0.76,60,clear sky
2025-02-24 11:37:59,0.76,60,clear sky
2025-02-24 11:47:36,0.76,60,clear sky
2025-02-24 11:57:10,0.76,60,clear sky
2025-02-24 13:14:45,-0.09,41,clear sky
2025-02-24 13:41:34,-0.24,69,clear sky
2025-02-24 13:51:29,-0.24,69,clear sky
2025-02-24 14:36:33,-2.24,86,clear sky
2025-02-24 14:46:26,-2.24,86,clear sky
2025-02-24 14:55:56,-2.24,86,clear sky
2025-02-24 15:35:00,-5.24,93,clear sky
2025-02-24 15:45:02,-5.24,93,clear sky
2025-02-24 15:55:06,-5.24,93,clear sky
2025-02-24 16:45:22,-6.24,100,clear sky
2025-02-24 16:55:13,-6.24,100,clear sky
2025-02-24 17:29:45,-5.24,100,clear sky
2025-02-24 17:40:41,-5.24,100,clear sky
2025-02-24 17:50:30,-5.24,100,clear sky
2025-02-24 18:00:18,-5.24,100,clear sky
2025-02-24 18:45:46,-7.24,93,clear sky
2025-02-24 18:55:19,-7.24,93,clear sky
2025-02-24 19:22:09,-0.5,65,few clouds
2025-02-24 19:37:03,-6.24,93,clear sky
2025-02-24 19:46:48,-6.24,93,clear sky
2025-02-24 19:56:26,-6.24,93,clear sky
2025-02-24 20:31:57,-7.24,100,clear sky
2025-02-24 20:43:12,-7.24,100,clear sky
2025-02-24 20:52:56,-7.24,100,clear sky
2025-02-24 21:26:18,-7.24,100,clear sky
2025-02-24 21:40:04,-7.24,100,clear sky
2025-02-24 21:49:44,-7.24,100,clear sky
2025-02-24 21:59:20,-7.24,100,clear sky
2025-02-24 22:35:05,-6.24,100,clear sky
2025-02-24 22:44:36,-6.24,100,clear sky
2025-02-24 22:54:26,-6.24,100,clear sky
2025-02-24 23:27:05,-0.53,66,scattered clouds
2025-02-24 23:39:18,-3.24,93,clear sky
2025-02-24 23:49:09,-3.24,93,clear sky
2025-02-24 23:58:35,-3.24,93,clear sky
2025-02-25 02:58:47,3.76,60,broken clouds
2025-02-25 03:41:50,5.76,52,broken clouds
2025-02-25 03:51:34,5.76,52,broken clouds
2025-02-25 04:36:30,4.76,56,broken clouds
2025-02-25 04:46:12,4.76,56,broken clouds
2025-02-25 04:55:42,4.76,56,broken clouds
2025-02-25 05:33:31,4.76,60,broken clouds
2025-02-25 05:43:18,4.76,60,broken clouds
2025-02-25 05:52:52,4.76,60,broken clouds
2025-02-25 06:42:50,4.76,65,broken clouds
2025-02-25 06:52:30,4.76,65,broken clouds
2025-02-25 07:27:15,5.76,61,broken clouds
2025-02-25 07:38:51,5.76,61,broken clouds
2025-02-25 07:48:48,5.76,61,broken clouds
2025-02-25 07:58:12,5.76,61,broken clouds
2025-02-25 08:40:36,4.76,65,broken clouds
2025-02-25 08:51:46,4.76,65,broken clouds
2025-02-25 09:31:19,4.76,70,broken clouds
2025-02-25 09:42:23,4.76,70,broken clouds
2025-02-25 09:52:26,4.76,70,broken clouds
2025-02-25 10:38:56,3.76,75,broken clouds
2025-02-25 10:48:53,3.76,75,broken clouds
2025-02-25 10:58:33,3.76,75,broken clouds
2025-02-25 11:25:52,3.76,75,broken clouds
2025-02-25 11:38:53,3.76,75,broken clouds
2025-02-25 11:49:02,3.76,75,broken clouds
2025-02-25 11:58:50,3.76,75,broken clouds
2025-02-25 13:14:43,2.67,84,clear sky
2025-02-25 13:41:24,1.76,93,scattered clouds
2025-02-25 13:51:17,1.76,93,scattered clouds
2025-02-25 14:37:52,1.76,93,scattered clouds
2025-02-25 14:47:55,1.76,93,scattered clouds
2025-02-25 14:57:32,1.76,93,scattered clouds
2025-02-25 15:35:24,2.76,93,scattered clouds
2025-02-25 15:45:19,2.76,93,scattered clouds
2025-02-25 15:54:47,2.76,93,scattered clouds
2025-02-25 16:44:24,2.76,93,mist
2025-02-25 16:54:48,2.76,93,mist
2025-02-25 17:37:09,2.76,100,mist
2025-02-25 17:47:03,2.76,100,mist
2025-02-25 17:56:19,2.76,100,mist
2025-02-25 18:44:31,2.76,100,mist
2025-02-25 18:54:04,2.76,100,mist
2025-02-25 19:22:17,1.76,100,mist
2025-02-25 19:36:52,1.76,100,mist
2025-02-25 19:46:57,1.76,100,mist
2025-02-25 19:56:24,1.76,100,mist
2025-02-25 20:32:16,-0.24,100,mist
2025-02-25 20:43:15,-0.24,100,mist
2025-02-25 20:52:50,-0.24,100,mist
2025-02-25 21:26:58,-0.26,56,clear sky
2025-02-25 21:41:12,-1.24,93,fog
2025-02-25 21:50:49,-1.24,93,fog
2025-02-25 22:33:06,-4.24,100,fog
2025-02-25 22:42:54,-4.24,100,fog
2025-02-25 22:52:39,-4.24,100,fog
2025-02-25 23:26:18,-2.24,93,fog
2025-02-25 23:39:22,-2.24,93,fog
2025-02-25 23:49:25,-2.24,93,fog
2025-02-25 23:59:14,-2.24,93,fog
2025-02-26 02:57:18,4.76,45,haze
2025-02-26 03:43:56,6.76,26,clear sky
2025-02-26 03:53:25,6.76,26,clear sky
2025-02-26 04:40:32,7.76,17,clear sky
2025-02-26 04:51:19,7.76,17,clear sky
2025-02-26 05:32:25,7.76,21,clear sky
2025-02-26 05:42:42,7.76,21,clear sky
2025-02-26 05:52:27,7.76,21,clear sky
2025-02-26 06:42:46,7.76,19,clear sky
2025-02-26 06:52:20,7.76,19,clear sky
2025-02-26 07:26:17,7.76,18,clear sky
2025-02-26 07:39:33,7.76,18,clear sky
2025-02-26 07:49:22,7.76,18,clear sky
2025-02-26 07:58:49,7.76,18,clear sky
2025-02-26 08:42:06,6.76,19,clear sky
2025-02-26 08:52:27,6.76,19,clear sky
2025-02-26 09:31:32,4.76,22,clear sky
2025-02-26 09:42:33,4.76,22,clear sky
2025-02-26 09:52:17,4.76,22,clear sky
2025-02-26 10:38:46,2.76,23,clear sky
2025-02-26 10:48:31,2.76,23,clear sky
2025-02-26 10:58:18,2.76,23,clear sky
2025-02-26 11:25:45,1.76,27,clear sky
2025-02-26 11:38:23,1.76,27,clear sky
2025-02-26 11:48:24,1.76,27,clear sky
2025-02-26 11:58:12,1.76,27,clear sky
2025-02-26 13:14:26,0.76,37,clear sky
2025-02-26 13:41:00,-0.24,40,clear sky
2025-02-26 13:50:28,-0.24,40,clear sky
2025-02-26 13:59:53,-0.24,40,clear sky
2025-02-26 14:38:18,-1.24,51,clear sky
2025-02-26 14:47:52,-1.24,51,clear sky
2025-02-26 14:57:42,-1.24,51,clear sky
2025-02-26 15:37:22,-4.24,68,clear sky
2025-02-26 15:47:39,-4.24,68,clear sky
2025-02-26 15:57:15,-4.24,68,clear sky
2025-02-26 16:45:29,-4.24,74,clear sky
2025-02-26 16:55:12,-4.24,74,clear sky
2025-02-26 17:31:38,-5.24,63,clear sky
2025-02-26 17:41:41,-5.24,63,clear sky
2025-02-26 17:51:29,-5.24,63,clear sky
2025-02-26 18:42:19,0.05,55,clear sky
2025-02-26 18:52:03,0.15,57,clear sky
2025-02-26 19:21:16,0.15,57,clear sky
2025-02-26 19:36:46,0.15,57,clear sky
2025-02-26 19:46:38,0.07,56,clear sky
2025-02-26 19:56:13,-6.24,73,clear sky
2025-02-26 20:31:47,-6.24,73,clear sky
2025-02-26 20:43:01,-6.24,73,clear sky
2025-02-26 20:53:03,-6.24,73,clear sky
2025-02-26 21:27:13,-6.24,79,clear sky
2025-02-26 21:39:18,-6.24,79,clear sky
2025-02-26 21:49:20,-6.24,79,clear sky
2025-02-26 21:58:46,-6.24,79,clear sky
2025-02-26 22:35:24,-6.24,86,clear sky
2025-02-26 22:44:50,-6.24,86,clear sky
2025-02-26 22:54:33,-6.24,86,clear sky
2025-02-26 23:30:32,-4.24,80,clear sky
2025-02-26 23:41:28,-4.24,80,clear sky
2025-02-26 23:50:58,-4.24,80,clear sky
2025-02-27 02:57:38,8.76,25,clear sky
2025-02-27 03:43:21,9.76,16,clear sky
2025-02-27 03:52:46,9.76,16,clear sky
2025-02-27 04:38:50,11.76,13,clear sky
2025-02-27 04:49:16,11.76,13,clear sky
2025-02-27 04:59:00,11.76,13,clear sky
2025-02-27 05:37:08,12.76,11,clear sky
2025-02-27 05:46:54,12.76,11,clear sky
2025-02-27 05:56:17,12.76,11,clear sky
2025-02-27 06:45:09,12.76,11,few clouds
2025-02-27 06:54:56,12.76,11,few clouds
2025-02-27 07:27:00,12.76,13,clear sky
2025-02-27 07:38:45,12.76,13,clear sky
2025-02-27 07:48:21,12.76,13,clear sky
2025-02-27 07:57:43,12.76,13,clear sky
2025-02-27 08:40:09,11.76,16,clear sky
2025-02-27 08:52:03,11.76,16,clear sky
2025-02-27 09:31:26,10.76,19,clear sky
2025-02-27 09:42:28,10.76,19,clear sky
2025-02-27 09:52:26,10.76,19,clear sky
2025-02-27 10:38:41,6.76,31,clear sky
2025-02-27 10:48:05,6.76,31,clear sky
2025-02-27 10:57:34,6.76,31,clear sky
2025-02-27 11:24:41,7.3,17,broken clouds
2025-02-27 11:37:45,2.76,41,clear sky
2025-02-27 11:47:27,2.76,41,clear sky
2025-02-27 11:56:55,2.76,41,clear sky
2025-02-27 13:15:20,5.92,17,overcast clouds
2025-02-27 13:41:41,-0.24,51,clear sky
2025-02-27 13:51:47,-0.24,51,clear sky
2025-02-27 14:36:24,-0.24,59,clear sky
2025-02-27 14:46:14,-0.24,59,clear sky
2025-02-27 14:55:55,-0.24,59,clear sky
2025-02-27 15:33:57,0.76,60,broken clouds
2025-02-27 15:43:46,0.76,60,broken clouds
2025-02-27 15:53:46,0.76,60,broken clouds
2025-02-27 16:44:16,-0.24,69,broken clouds
2025-02-27 16:53:41,-0.24,69,broken clouds
2025-02-27 17:31:52,0.76,75,broken clouds
2025-02-27 17:42:07,0.76,75,broken clouds
2025-02-27 17:52:04,0.76,75,broken clouds
2025-02-27 18:43:00,0.76,64,broken clouds
2025-02-27 18:52:35,0.76,64,broken clouds
2025-02-27 19:21:31,4,35,broken clouds
2025-02-27 19:36:51,-0.24,64,scattered clouds
2025-02-27 19:46:23,-0.24,64,scattered clouds
2025-02-27 19:55:49,-0.24,64,scattered clouds
2025-02-27 20:32:13,-0.24,69,broken clouds
2025-02-27 20:43:31,-0.24,69,broken clouds
2025-02-27 20:53:26,-0.24,69,broken clouds
2025-02-27 21:27:21,-0.24,80,broken clouds
2025-02-27 21:39:50,-0.24,80,broken clouds
2025-02-27 21:49:32,-0.24,80,broken clouds
2025-02-27 21:58:58,-0.24,80,broken clouds
2025-02-27 22:37:17,1.76,64,broken clouds
2025-02-27 22:46:59,1.76,64,broken clouds
2025-02-27 22:56:29,1.76,64,broken clouds
2025-02-27 23:28:33,1.76,75,broken clouds
2025-02-27 23:39:49,1.76,75,broken clouds
2025-02-27 23:49:15,1.76,75,broken clouds
2025-02-27 23:58:50,1.76,75,broken clouds
2025-02-28 02:59:18,9.76,40,broken clouds
2025-02-28 03:43:07,10.76,58,broken clouds
2025-02-28 03:52:41,10.76,58,broken clouds
2025-02-28 04:38:27,10.76,62,broken clouds
2025-02-28 04:48:42,10.76,62,broken clouds
2025-02-28 04:58:14,10.76,62,broken clouds
2025-02-28 05:37:15,10.76,62,broken clouds
2025-02-28 05:47:00,10.76,62,broken clouds
2025-02-28 05:56:43,10.76,62,broken clouds
2025-02-28 06:44:15,11.76,58,broken clouds
2025-02-28 06:54:03,11.76,58,broken clouds
2025-02-28 07:26:59,11.76,58,broken clouds
2025-02-28 07:38:28,11.76,58,broken clouds
2025-02-28 07:48:08,11.76,58,broken clouds
2025-02-28 07:57:32,11.76,58,broken clouds
2025-02-28 08:39:10,10.76,66,scattered clouds
2025-02-28 08:50:50,10.76,66,scattered clouds
2025-02-28 09:30:25,9.76,71,clear sky
2025-02-28 09:41:56,9.76,71,clear sky
2025-02-28 09:51:53,9.76,71,clear sky
2025-02-28 10:38:00,4.76,87,clear sky
2025-02-28 10:47:42,4.76,87,clear sky
2025-02-28 10:57:13,4.76,87,clear sky
2025-02-28 11:24:35,4.76,100,clear sky
2025-02-28 11:37:55,4.76,100,clear sky
2025-02-28 11:47:57,4.76,100,clear sky
2025-02-28 11:57:24,4.76,100,clear sky
2025-02-28 13:04:39,3.76,100,clear sky
2025-02-28 13:37:20,3.76,100,mist
2025-02-28 13:47:12,3.76,100,mist
2025-02-28 13:56:46,3.76,100,mist
2025-02-28 14:36:39,0.76,100,mist
2025-02-28 14:46:42,0.76,100,mist
2025-02-28 14:56:08,0.76,100,mist
2025-02-28 15:32:34,0.76,100,fog
2025-02-28 15:43:41,0.76,100,fog
2025-02-28 15:53:48,0.76,100,fog
2025-02-28 16:42:22,-1.24,100,fog
2025-02-28 16:51:48,-0.24,93,fog
2025-02-28 17:30:06,-0.24,100,fog
2025-02-28 17:40:46,-0.24,100,fog
2025-02-28 17:50:18,-0.24,100,fog
2025-02-28 17:59:47,-0.24,100,fog
2025-02-28 18:45:13,-1.24,100,fog
2025-02-28 18:54:53,-1.24,100,fog
2025-02-28 19:24:17,-0.24,100,fog
2025-02-28 19:37:28,-0.24,100,fog
2025-02-28 19:47:17,-0.24,100,fog
2025-02-28 19:56:44,-0.24,100,fog
2025-02-28 20:32:28,-0.24,100,fog
2025-02-28 20:44:11,-0.24,100,fog
2025-02-28 20:53:43,-0.24,100,fog
2025-02-28 21:26:34,-1.24,100,fog
2025-02-28 21:39:02,-1.24,100,fog
2025-02-28 21:48:53,-1.24,100,fog
2025-02-28 21:58:25,-1.24,100,fog
2025-02-28 22:35:25,-1.24,100,fog
2025-02-28 22:44:52,-0.24,100,fog
2025-02-28 22:54:33,-0.24,93,fog
2025-02-28 23:26:45,-0.24,100,fog
2025-02-28 23:39:22,-0.24,100,fog
2025-02-28 23:48:56,-0.24,100,fog
2025-02-28 23:58:42,-0.24,100,fog
2025-03-01 03:05:24,8.76,71,mist
2025-03-01 03:47:52,13.76,44,haze
2025-03-01 03:57:19,13.76,44,haze
2025-03-01 04:36:54,12.76,47,haze
2025-03-01 04:46:44,12.76,47,haze
2025-03-01 04:56:09,12.76,47,haze
2025-03-01 05:31:44,11.76,54,light rain
2025-03-01 05:41:47,11.76,54,light rain
2025-03-01 05:51:39,11.76,54,moderate rain
2025-03-01 06:41:06,10.76,82,moderate rain
2025-03-01 06:50:42,10.76,82,light rain
2025-03-01 07:00:23,10.76,82,broken clouds
2025-03-01 07:26:34,8.86,49,overcast clouds
2025-03-01 07:37:42,11.76,66,haze
2025-03-01 07:47:05,11.76,66,haze
2025-03-01 07:56:34,11.76,66,haze
2025-03-01 08:37:18,11.76,62,haze
2025-03-01 08:48:21,11.76,62,haze
2025-03-01 08:57:53,11.76,62,haze
2025-03-01 09:28:55,10.76,71,overcast clouds
2025-03-01 09:39:42,10.76,71,haze
2025-03-01 09:49:08,10.76,71,haze
2025-03-01 09:58:34,10.76,71,haze
2025-03-01 10:35:05,9.76,76,broken clouds
2025-03-01 10:44:41,9.76,76,broken clouds
2025-03-01 10:54:36,9.76,76,broken clouds
2025-03-01 11:20:57,7.76,81,overcast clouds
2025-03-01 11:30:50,7.76,81,broken clouds
2025-03-01 11:40:35,7.76,81,broken clouds
2025-03-01 11:50:20,7.76,81,broken clouds
2025-03-01 12:00:05,7.76,81,broken clouds
2025-03-01 13:00:33,5.76,100,mist
2025-03-01 13:30:38,6.76,93,mist
2025-03-01 13:40:32,6.76,93,mist
2025-03-01 13:50:28,6.76,93,mist
2025-03-01 13:59:52,6.76,93,mist
2025-03-01 14:32:08,6.76,87,mist
2025-03-01 14:41:47,6.76,87,mist
2025-03-01 14:51:29,6.76,87,mist
2025-03-01 15:29:52,3.76,100,mist
2025-03-01 15:40:48,3.76,100,mist
2025-03-01 15:50:25,3.76,100,mist
2025-03-01 15:59:51,3.76,100,mist
2025-03-01 16:38:06,3.76,100,mist
2025-03-01 16:47:51,3.76,100,mist
2025-03-01 16:57:27,3.76,100,mist
2025-03-01 17:28:04,3.76,100,mist
2025-03-01 17:37:42,3.76,100,mist
2025-03-01 17:47:40,3.76,100,mist
2025-03-01 17:57:13,3.76,100,mist
2025-03-01 18:38:34,3.76,100,mist
2025-03-01 18:48:11,3.76,100,mist
2025-03-01 18:57:45,3.76,100,mist
2025-03-01 19:20:26,4.76,100,mist
2025-03-01 19:29:59,4.76,100,mist
2025-03-01 19:39:33,4.76,100,mist
2025-03-01 19:49:29,4.76,100,mist
2025-03-01 19:59:00,4.76,100,mist
2025-03-01 20:30:01,5.76,93,mist
2025-03-01 20:41:03,5.76,93,mist
2025-03-01 20:51:04,5.76,93,mist
2025-03-01 21:27:16,4.76,100,mist
2025-03-01 21:37:08,4.76,100,mist
2025-03-01 21:46:43,4.76,100,mist
2025-03-01 21:56:07,4.76,100,mist
2025-03-01 22:32:20,4.76,100,mist
2025-03-01 22:41:53,4.76,100,mist
2025-03-01 22:51:51,4.76,100,mist
2025-03-01 23:26:59,7.21,50,overcast clouds
2025-03-01 23:39:38,5.76,87,mist
2025-03-01 23:49:20,5.76,87,mist
2025-03-01 23:58:51,5.76,87,mist
2025-03-02 03:02:11,10.76,62,broken clouds
2025-03-02 03:44:10,12.76,54,broken clouds
2025-03-02 03:53:44,12.76,54,broken clouds
2025-03-02 04:34:37,14.76,41,clear sky
2025-03-02 04:44:57,14.76,41,clear sky
2025-03-02 04:54:32,14.76,41,clear sky
2025-03-02 05:33:24,8.99,45,overcast clouds
2025-03-02 05:43:05,8.99,45,overcast clouds
2025-03-02 05:52:52,13.76,41,clear sky
2025-03-02 06:40:17,13.76,35,light rain
2025-03-02 06:49:59,13.76,35,moderate rain
2025-03-02 06:59:33,13.76,35,moderate rain
2025-03-02 07:25:37,8.09,64,heavy intensity rain
2025-03-02 07:37:07,10.76,62,moderate rain
2025-03-02 07:46:42,10.76,62,moderate rain
2025-03-02 07:56:29,10.76,62,moderate rain
2025-03-02 08:34:56,7.76,93,moderate rain
2025-03-02 08:45:17,7.76,93,moderate rain
2025-03-02 08:54:54,7.76,93,moderate rain
2025-03-02 09:29:44,6.76,100,heavy intensity rain
2025-03-02 09:41:16,6.76,100,moderate rain
2025-03-02 09:51:08,6.76,100,moderate rain
2025-03-02 10:33:17,5.76,93,moderate rain
2025-03-02 10:42:40,5.76,93,moderate rain
2025-03-02 10:52:12,5.76,93,moderate rain
2025-03-02 11:21:16,4.76,93,light rain
2025-03-02 11:35:20,4.76,93,moderate rain
2025-03-02 11:44:59,4.76,93,light rain
2025-03-02 11:54:28,4.76,93,moderate rain
2025-03-02 12:58:49,4.76,87,light rain
2025-03-02 13:30:20,2.88,80,moderate rain
2025-03-02 13:39:52,3.76,93,light rain
2025-03-02 13:49:18,3.76,93,light rain
2025-03-02 13:58:45,3.76,93,light rain
2025-03-02 14:31:48,2.76,93,moderate rain
2025-03-02 14:41:25,2.76,93,moderate rain
2025-03-02 14:51:16,2.76,93,moderate rain
2025-03-02 15:27:49,2.76,93,moderate rain
2025-03-02 15:39:58,2.76,93,heavy intensity rain
2025-03-02 15:49:40,2.76,93,moderate rain
2025-03-02 15:59:15,2.76,93,moderate rain
2025-03-02 16:38:18,2.76,93,moderate rain
2025-03-02 16:47:49,2.76,93,moderate rain
2025-03-02 16:57:29,2.76,93,moderate rain
2025-03-02 17:29:32,2.76,93,moderate rain
2025-03-02 17:39:16,2.76,93,moderate rain
2025-03-02 17:48:41,2.76,93,moderate rain
2025-03-02 17:58:12,2.76,93,moderate rain
2025-03-02 18:42:05,1.76,100,light rain
2025-03-02 18:51:40,1.76,100,moderate rain
2025-03-02 19:18:54,0.25,98,snow
2025-03-02 19:28:22,1.76,100,moderate rain
2025-03-02 19:38:23,1.76,100,moderate rain
2025-03-02 19:48:14,1.76,100,light rain
2025-03-02 19:57:50,1.76,100,moderate rain
2025-03-02 20:29:12,0.76,100,light rain
2025-03-02 20:42:08,0.76,100,moderate rain
2025-03-02 20:51:54,0.76,100,light rain
2025-03-02 21:25:07,0.76,100,snow
2025-03-02 21:36:15,0.76,100,snow
2025-03-02 21:45:58,0.76,100,snow
2025-03-02 21:55:37,0.76,100,snow
2025-03-02 22:32:07,0.76,100,light snow
2025-03-02 22:41:53,0.76,100,overcast clouds
2025-03-02 22:51:59,0.76,100,overcast clouds
2025-03-02 23:25:34,1.76,93,broken clouds
2025-03-02 23:37:56,1.76,93,mist
2025-03-02 23:47:40,1.76,93,mist
2025-03-02 23:57:33,1.76,93,broken clouds
2025-03-03 03:01:40,4.76,65,clear sky
2025-03-03 03:46:30,5.76,56,clear sky
2025-03-03 03:56:01,5.76,56,clear sky
2025-03-03 04:39:54,6.76,57,clear sky
2025-03-03 04:50:27,6.76,57,clear sky
2025-03-03 05:00:07,6.76,57,clear sky
2025-03-03 05:36:57,6.76,57,clear sky
2025-03-03 05:46:47,6.76,57,clear sky
2025-03-03 05:56:13,6.76,57,clear sky
2025-03-03 06:47:14,5.76,52,clear sky
2025-03-03 06:56:52,5.76,52,clear sky
2025-03-03 07:29:03,4.76,52,clear sky
2025-03-03 07:39:36,4.76,52,clear sky
2025-03-03 07:49:22,4.76,52,clear sky
2025-03-03 07:58:55,4.76,52,clear sky
2025-03-03 08:40:55,4.76,52,clear sky
2025-03-03 08:52:34,4.76,52,clear sky
2025-03-03 09:33:37,3.76,52,clear sky
2025-03-03 09:44:21,3.76,52,clear sky
2025-03-03 09:53:57,3.76,52,clear sky
2025-03-03 10:40:20,2.76,56,clear sky
2025-03-03 10:49:42,2.76,56,clear sky
2025-03-03 10:59:28,2.76,56,clear sky
2025-03-03 11:26:41,1.76,55,clear sky
2025-03-03 11:39:24,1.76,55,clear sky
2025-03-03 11:49:26,1.76,55,clear sky
2025-03-03 11:58:57,1.76,55,clear sky
2025-03-03 13:15:38,0.72,52,overcast clouds
2025-03-03 13:42:34,1.76,51,clear sky
2025-03-03 13:52:27,1.76,51,clear sky
2025-03-03 14:37:43,1.76,48,clear sky
2025-03-03 14:48:14,1.76,48,clear sky
2025-03-03 14:57:40,1.76,48,clear sky
2025-03-03 15:35:38,1.76,51,clear sky
2025-03-03 15:45:35,1.76,51,clear sky
2025-03-03 15:55:17,1.76,51,clear sky
2025-03-03 16:43:12,1.76,55,clear sky
2025-03-03 16:55:49,1.76,55,clear sky
2025-03-03 17:32:01,1.76,51,clear sky
2025-03-03 17:41:47,1.76,51,clear sky
2025-03-03 17:51:27,1.76,51,light snow
2025-03-03 18:40:17,1.76,51,clear sky
2025-03-03 18:52:14,1.76,51,clear sky
2025-03-03 19:22:00,1.76,55,clear sky
2025-03-03 19:36:42,1.76,55,clear sky
2025-03-03 19:46:32,1.76,55,clear sky
2025-03-03 19:55:55,1.76,55,clear sky
2025-03-03 20:32:48,1.76,55,clear sky
2025-03-03 20:45:33,1.76,55,snow
2025-03-03 20:55:02,1.76,55,snow
2025-03-03 21:30:17,1.76,55,clear sky
2025-03-03 21:43:37,1.76,55,clear sky
2025-03-03 21:53:21,1.76,55,clear sky
2025-03-03 22:34:29,2.76,52,moderate rain
2025-03-03 22:44:30,2.76,52,clear sky
2025-03-03 22:54:15,2.76,52,clear sky
2025-03-03 23:27:15,2.76,56,clear sky
2025-03-03 23:40:16,2.76,56,light rain
2025-03-03 23:49:47,2.76,56,snow
2025-03-03 23:59:24,2.76,56,snow
2025-03-04 03:01:57,0.76,100,snow
2025-03-04 03:46:58,0.76,100,snow
2025-03-04 03:56:42,0.76,100,snow
2025-03-04 04:39:44,1.76,100,snow
2025-03-04 04:49:55,1.76,100,snow
2025-03-04 04:59:17,1.76,100,snow
2025-03-04 05:35:22,1.76,100,light rain
2025-03-04 05:45:02,1.76,100,light rain
2025-03-04 05:54:35,1.76,100,light rain
2025-03-04 06:44:47,2.76,87,light rain
2025-03-04 06:54:17,2.76,87,light rain
2025-03-04 07:28:25,2.76,93,light rain
2025-03-04 07:41:13,2.76,93,light rain
2025-03-04 07:50:48,2.76,93,broken clouds
2025-03-04 08:00:16,2.76,93,broken clouds
2025-03-04 08:43:07,3.76,81,broken clouds
2025-03-04 08:53:32,3.76,81,broken clouds
2025-03-04 09:32:16,3.76,70,broken clouds
2025-03-04 09:43:48,3.76,70,broken clouds
2025-03-04 09:53:29,3.76,70,broken clouds
2025-03-04 10:40:19,2.76,81,broken clouds
2025-03-04 10:49:55,2.76,81,broken clouds
2025-03-04 10:59:24,2.76,81,broken clouds
2025-03-04 11:25:59,1.76,87,broken clouds
2025-03-04 11:39:41,1.76,87,broken clouds
2025-03-04 11:49:16,1.76,87,broken clouds
2025-03-04 11:59:02,1.76,87,broken clouds
2025-03-04 13:15:15,1.76,87,clear sky
2025-03-04 13:42:38,1.76,80,clear sky
2025-03-04 13:52:40,1.76,80,clear sky
2025-03-04 14:37:38,1.76,75,clear sky
2025-03-04 14:47:43,1.76,75,snow
2025-03-04 14:57:13,1.76,75,snow
2025-03-04 15:36:27,1.76,75,light snow
2025-03-04 15:46:33,1.76,75,clear sky
2025-03-04 15:56:05,1.76,75,light snow
2025-03-04 16:45:49,1.76,75,clear sky
2025-03-04 16:55:30,1.76,75,clear sky
2025-03-04 17:32:12,1.76,75,clear sky
2025-03-04 17:42:13,1.76,75,clear sky
2025-03-04 17:52:06,1.76,75,clear sky
2025-03-04 18:44:42,1.76,75,clear sky
2025-03-04 18:54:11,1.76,75,clear sky
2025-03-04 19:21:47,1.15,76,overcast clouds
2025-03-04 19:36:34,1.76,75,clear sky
2025-03-04 19:46:23,1.76,75,clear sky
2025-03-04 19:55:48,1.76,75,clear sky
2025-03-04 20:31:56,1.76,75,clear sky
2025-03-04 20:43:15,1.76,75,clear sky
2025-03-04 20:52:45,1.76,75,light snow
2025-03-04 21:27:40,1.76,75,clear sky
2025-03-04 21:39:57,1.76,75,clear sky
2025-03-04 21:49:25,1.76,75,clear sky
2025-03-04 21:58:54,1.76,75,clear sky
2025-03-04 22:33:04,1.76,75,snow
2025-03-04 22:42:50,1.76,75,clear sky
2025-03-04 22:52:24,1.76,75,clear sky
2025-03-04 23:27:04,1.76,75,clear sky
2025-03-04 23:39:40,1.76,75,clear sky
2025-03-04 23:49:34,1.76,75,clear sky
2025-03-04 23:59:01,1.76,75,clear sky
2025-03-05 03:00:36,4.76,65,clear sky
2025-03-05 03:44:19,4.76,65,clear sky
2025-03-05 03:54:07,4.76,65,clear sky
2025-03-05 04:38:05,5.76,65,clear sky
2025-03-05 04:49:36,5.76,65,clear sky
2025-03-05 04:59:15,5.76,65,clear sky
2025-03-05 05:37:09,6.76,61,clear sky
2025-03-05 05:47:01,6.76,61,clear sky
2025-03-05 05:56:43,6.76,61,clear sky
2025-03-05 06:45:50,7.76,57,broken clouds
2025-03-05 06:55:18,7.76,57,broken clouds
2025-03-05 07:29:43,7.76,57,broken clouds
2025-03-05 07:42:18,7.76,57,broken clouds
2025-03-05 07:52:06,7.76,57,broken clouds
2025-03-05 08:40:32,7.76,57,clear sky
2025-03-05 08:53:11,7.76,57,clear sky
2025-03-05 09:32:21,6.76,61,clear sky
2025-03-05 09:43:08,6.76,61,clear sky
2025-03-05 09:53:03,6.76,61,clear sky
2025-03-05 10:39:18,4.76,65,few clouds
2025-03-05 10:48:59,4.76,65,few clouds
2025-03-05 10:58:33,4.76,65,few clouds
2025-03-05 11:25:48,3.76,75,few clouds
2025-03-05 11:39:09,3.76,75,few clouds
2025-03-05 11:48:42,3.76,75,few clouds
2025-03-05 11:58:24,3.76,75,few clouds
2025-03-05 13:15:36,4.88,48,clear sky
2025-03-05 13:41:58,1.76,93,clear sky
2025-03-05 13:51:42,1.76,93,clear sky
2025-03-05 14:36:36,1.76,87,clear sky
2025-03-05 14:46:40,1.76,87,clear sky
2025-03-05 14:56:02,1.76,87,clear sky
2025-03-05 15:33:01,0.76,80,clear sky
2025-03-05 15:44:53,0.76,80,clear sky
2025-03-05 15:54:35,0.76,80,clear sky
2025-03-05 16:52:39,-0.24,80,clear sky
2025-03-05 17:31:48,-1.24,93,clear sky
2025-03-05 17:41:16,-1.24,93,clear sky
2025-03-05 17:50:48,-1.24,93,clear sky
2025-03-05 18:00:08,-1.24,93,clear sky
2025-03-05 18:47:55,-2.24,93,clear sky
2025-03-05 18:57:20,-2.24,93,clear sky
2025-03-05 19:23:37,1.97,53,clear sky
2025-03-05 19:38:44,-2.24,86,clear sky
2025-03-05 19:48:19,-2.24,86,clear sky
2025-03-05 19:57:54,-2.24,86,clear sky
2025-03-05 20:33:42,-1.24,80,clear sky
2025-03-05 20:45:11,-1.24,80,clear sky
2025-03-05 20:55:07,-1.24,80,clear sky
2025-03-05 21:28:23,1.39,56,clear sky
2025-03-05 21:40:16,-3.24,86,clear sky
2025-03-05 21:50:04,-3.24,86,clear sky
2025-03-05 21:59:42,-3.24,86,clear sky
2025-03-05 22:36:44,-1.24,86,clear sky
2025-03-05 22:46:22,-1.24,86,clear sky
2025-03-05 22:56:10,-1.24,86,clear sky
2025-03-05 23:30:16,-0.24,80,clear sky
2025-03-05 23:41:15,-0.24,80,clear sky
2025-03-05 23:50:46,-0.24,80,clear sky
2025-03-06 02:59:54,5.76,56,clear sky
2025-03-06 03:45:24,6.76,53,clear sky
2025-03-06 03:55:12,6.76,53,clear sky
2025-03-06 04:40:07,7.76,46,clear sky
2025-03-06 04:51:45,7.76,46,clear sky
2025-03-06 05:33:11,8.76,40,clear sky
2025-03-06 05:45:38,8.76,40,clear sky
2025-03-06 05:55:09,8.76,40,clear sky
2025-03-06 06:45:40,8.76,40,clear sky
2025-03-06 06:55:04,8.76,40,clear sky
2025-03-06 07:30:30,9.76,37,clear sky
2025-03-06 07:43:36,9.76,37,clear sky
2025-03-06 07:52:58,9.76,37,clear sky
2025-03-06 08:40:37,8.76,40,clear sky
2025-03-06 08:53:31,8.76,40,clear sky
2025-03-06 09:32:01,6.76,53,clear sky
2025-03-06 09:43:21,6.76,53,clear sky
2025-03-06 09:52:51,6.76,53,clear sky
2025-03-06 10:40:25,5.76,45,clear sky
2025-03-06 10:49:53,5.76,45,clear sky
2025-03-06 10:59:41,5.76,45,clear sky
2025-03-06 11:25:31,4.76,45,clear sky
2025-03-06 11:39:47,4.76,45,clear sky
2025-03-06 11:49:31,4.76,45,clear sky
2025-03-06 11:59:09,4.76,45,clear sky
2025-03-06 13:15:23,2.76,52,clear sky
2025-03-06 13:41:56,2.76,52,clear sky
2025-03-06 13:51:41,2.76,52,clear sky
2025-03-06 14:37:48,-0.24,64,clear sky
2025-03-06 14:47:37,-0.24,64,clear sky
2025-03-06 14:57:30,-0.24,64,clear sky
2025-03-06 15:35:00,0.76,60,clear sky
2025-03-06 15:47:01,0.76,60,clear sky
2025-03-06 15:56:40,0.76,60,clear sky
2025-03-06 16:44:58,-1.24,74,clear sky
2025-03-06 16:56:08,-1.24,74,clear sky
2025-03-06 17:32:14,-2.24,86,clear sky
2025-03-06 17:42:10,-2.24,86,clear sky
2025-03-06 18:42:46,-2.24,86,clear sky
2025-03-06 18:52:20,-2.24,86,clear sky
2025-03-06 19:21:25,2.66,42,clear sky
2025-03-06 19:36:32,-3.24,86,mist
2025-03-06 19:46:14,-3.24,86,mist
2025-03-06 19:56:03,-3.24,86,mist
2025-03-06 20:32:07,2.43,40,clear sky
2025-03-06 20:43:19,-2.24,86,mist
2025-03-06 20:52:46,-2.24,86,mist
2025-03-06 21:27:37,-3.24,93,clear sky
2025-03-06 21:39:53,-3.24,93,mist
2025-03-06 21:49:20,-3.24,93,mist
2025-03-06 21:58:50,-3.24,93,mist
2025-03-06 22:36:00,-2.24,93,mist
2025-03-06 22:45:41,-2.24,93,mist
2025-03-06 22:55:30,-2.24,93,mist
2025-03-06 23:28:25,-1.24,86,clear sky
2025-03-06 23:40:17,-1.24,86,mist
2025-03-06 23:50:02,-1.24,86,mist
2025-03-06 23:59:56,-1.24,86,mist
2025-03-07 03:02:12,7.76,39,haze
2025-03-07 03:47:03,8.76,37,haze
2025-03-07 03:56:33,8.76,37,haze
2025-03-07 04:38:57,9.76,34,clear sky
2025-03-07 04:50:08,9.76,34,clear sky
2025-03-07 04:59:49,9.76,34,clear sky
2025-03-07 05:35:36,9.76,32,clear sky
2025-03-07 05:45:13,9.76,32,clear sky
2025-03-07 05:54:53,9.76,32,clear sky
2025-03-07 06:45:07,9.76,34,clear sky
2025-03-07 06:54:33,9.76,34,clear sky
2025-03-07 07:27:15,8.39,27,overcast clouds
2025-03-07 07:41:06,9.76,32,clear sky
2025-03-07 07:50:56,9.76,32,clear sky
2025-03-07 08:39:07,7.76,42,clear sky
2025-03-07 08:51:32,7.15,28,overcast clouds
2025-03-07 09:30:55,7.15,28,overcast clouds
2025-03-07 09:42:25,5.76,52,clear sky
2025-03-07 09:52:18,5.76,52,clear sky
2025-03-07 10:38:54,3.76,65,clear sky
2025-03-07 10:48:38,3.76,65,clear sky
2025-03-07 10:58:14,3.76,65,clear sky
2025-03-07 11:25:07,3.76,65,clear sky
2025-03-07 11:39:50,3.76,65,clear sky
2025-03-07 11:49:33,3.76,65,clear sky
2025-03-07 11:59:10,3.76,65,clear sky
2025-03-07 13:14:33,5.9,34,overcast clouds
2025-03-07 13:40:40,2.76,70,clear sky
2025-03-07 13:50:25,2.76,70,clear sky
2025-03-07 13:59:47,2.76,70,clear sky
2025-03-07 14:36:54,2.76,70,clear sky
2025-03-07 14:46:33,2.76,70,clear sky
2025-03-07 14:56:16,2.76,70,clear sky
2025-03-07 15:32:11,2.76,70,broken clouds
2025-03-07 15:43:02,2.76,70,broken clouds
2025-03-07 15:53:11,2.76,70,broken clouds
2025-03-07 16:41:57,0.76,86,broken clouds
2025-03-07 16:53:27,0.76,86,broken clouds
2025-03-07 17:30:26,1.76,75,overcast clouds
2025-03-07 17:41:09,1.76,75,broken clouds
2025-03-07 17:50:52,1.76,75,broken clouds
2025-03-07 18:41:35,2.76,70,broken clouds
2025-03-07 18:51:35,2.76,70,broken clouds
2025-03-07 19:21:05,1.76,87,overcast clouds
2025-03-07 19:30:42,1.76,87,overcast clouds
2025-03-07 19:40:19,1.76,87,haze
2025-03-07 19:49:47,1.76,87,haze
2025-03-07 19:59:15,1.76,87,haze
2025-03-07 20:32:02,0.76,93,overcast clouds
2025-03-07 20:41:15,0.76,93,haze
2025-03-07 20:50:54,0.76,93,haze
2025-03-07 21:00:38,0.76,93,haze
2025-03-07 21:24:14,3.61,51,overcast clouds
2025-03-07 21:35:10,0.76,93,mist
2025-03-07 21:44:39,0.76,93,mist
2025-03-07 21:54:23,0.76,93,mist
2025-03-07 22:26:59,-0.24,93,mist
2025-03-07 22:36:50,-0.24,93,mist
2025-03-07 22:46:30,-0.24,93,mist
2025-03-07 22:56:07,-0.24,93,mist
2025-03-07 23:21:16,3.67,53,overcast clouds
2025-03-07 23:31:23,0.76,93,broken clouds
2025-03-07 23:40:47,0.76,93,broken clouds
2025-03-07 23:50:36,0.76,93,broken clouds
2025-03-08 00:00:02,0.76,93,broken clouds
2025-03-08 02:18:26,8.76,40,clear sky
2025-03-08 02:46:33,8.76,40,clear sky
2025-03-08 02:55:55,8.76,40,clear sky
2025-03-08 03:27:52,8.76,34,clear sky
2025-03-08 03:38:35,8.76,34,clear sky
2025-03-08 03:48:12,8.76,34,clear sky
2025-03-08 03:57:49,8.76,34,clear sky
2025-03-08 04:28:22,9.76,29,clear sky
2025-03-08 04:38:55,9.76,29,clear sky
2025-03-08 04:48:35,9.76,29,clear sky
2025-03-08 04:58:09,9.76,29,clear sky
2025-03-08 05:27:03,9.76,25,clear sky
2025-03-08 05:36:56,9.76,25,clear sky
2025-03-08 05:46:44,9.76,25,clear sky
2025-03-08 05:56:08,9.76,25,clear sky
2025-03-08 06:35:31,9.76,29,clear sky
2025-03-08 06:45:06,9.76,29,clear sky
2025-03-08 06:54:43,9.76,29,clear sky
2025-03-08 07:22:06,7.99,35,few clouds
2025-03-08 07:32:03,8.76,46,clear sky
2025-03-08 07:41:56,8.76,46,clear sky
2025-03-08 07:51:50,8.76,46,clear sky
2025-03-08 08:27:39,7.76,49,clear sky
2025-03-08 08:39:33,7.76,49,clear sky
2025-03-08 08:49:03,7.76,49,clear sky
2025-03-08 08:58:48,7.76,49,clear sky
2025-03-08 09:24:27,6.76,57,clear sky
2025-03-08 09:37:44,6.76,57,clear sky
2025-03-08 09:47:02,6.76,57,clear sky
2025-03-08 09:56:33,6.76,57,clear sky
2025-03-08 10:29:20,4.76,70,clear sky
2025-03-08 10:38:56,4.76,70,clear sky
2025-03-08 10:48:44,4.76,70,clear sky
2025-03-08 10:58:20,4.76,70,clear sky
2025-03-08 11:18:28,4.76,70,clear sky
2025-03-08 11:27:59,5.56,59,few clouds
2025-03-08 11:37:42,3.76,75,clear sky
2025-03-08 11:47:30,3.76,75,clear sky
2025-03-08 11:57:19,3.76,75,clear sky
2025-03-08 12:49:47,3.76,81,clear sky
2025-03-08 12:59:28,3.76,81,clear sky
2025-03-08 13:23:44,2.76,93,clear sky
2025-03-08 13:33:57,2.76,93,clear sky
2025-03-08 13:43:22,2.76,93,clear sky
2025-03-08 13:53:06,2.76,93,clear sky
2025-03-08 14:22:38,4.82,69,clear sky
2025-03-08 14:33:05,0.76,100,mist
2025-03-08 14:42:57,0.76,100,mist
2025-03-08 14:52:39,0.76,100,mist
2025-03-08 15:22:01,0.76,100,mist
2025-03-08 15:33:22,0.76,100,mist
2025-03-08 15:43:08,0.76,100,mist
2025-03-08 15:52:41,0.76,100,mist
2025-03-08 16:28:17,-0.24,100,mist
2025-03-08 16:37:44,-0.24,100,mist
2025-03-08 16:47:26,-0.24,100,mist
2025-03-08 16:56:55,-0.24,100,mist
2025-03-08 17:53:15,-1.24,100,mist
2025-03-08 18:29:21,-0.24,93,mist
2025-03-08 18:44:15,-1.24,100,mist
2025-03-08 18:48:45,-1.24,100,mist
2025-03-08 18:58:14,-1.24,100,mist
2025-03-08 19:17:40,-1.24,100,mist
2025-03-08 19:27:00,-2.24,100,mist
2025-03-08 19:37:11,-2.24,100,mist
2025-03-08 19:46:51,-2.24,100,mist
2025-03-08 19:56:16,-2.24,100,mist
2025-03-08 20:22:56,-2.24,100,mist
2025-03-08 20:35:53,-2.24,100,mist
2025-03-08 20:45:19,-2.24,100,mist
2025-03-08 20:54:44,-2.24,100,mist
2025-03-08 21:21:30,3.06,77,clear sky
2025-03-08 21:31:11,-2.24,100,fog
2025-03-08 21:40:42,-2.24,100,fog
2025-03-08 21:50:39,-2.24,100,fog
2025-03-08 22:00:04,-2.24,100,fog
2025-03-08 22:25:56,-2.24,100,fog
2025-03-08 22:36:12,-3.24,100,fog
2025-03-08 22:46:10,-3.24,100,fog
2025-03-08 22:55:43,-3.24,100,fog
2025-03-08 23:21:57,-2.24,100,fog
2025-03-08 23:32:59,-1.24,100,fog
2025-03-08 23:42:35,-1.24,100,fog
2025-03-08 23:52:26,-1.24,100,fog
2025-03-09 02:22:59,6.76,76,mist
2025-03-09 02:50:19,7.76,66,haze
2025-03-09 03:00:00,7.76,66,haze
2025-03-09 03:22:52,9.76,57,clear sky
2025-03-09 03:33:28,9.76,57,haze
2025-03-09 03:42:56,9.76,57,haze
2025-03-09 03:52:41,9.76,57,haze
2025-03-09 04:10:19,9.76,57,haze
2025-03-09 04:27:35,10.76,43,clear sky
2025-03-09 04:37:25,10.76,43,clear sky
2025-03-09 04:46:45,10.76,43,clear sky
2025-03-09 04:56:27,10.76,43,clear sky
2025-03-09 05:14:43,10.1,38,scattered clouds
2025-03-09 05:27:05,10.76,46,clear sky
2025-03-09 05:37:23,10.76,46,clear sky
2025-03-09 05:46:56,10.76,46,clear sky
2025-03-09 05:56:26,10.76,46,clear sky
2025-03-09 06:20:22,10.61,35,scattered clouds
2025-03-09 06:33:46,11.76,43,clear sky
2025-03-09 06:43:28,11.76,43,clear sky
2025-03-09 06:53:26,11.76,43,clear sky
2025-03-09 07:09:44,11.76,43,clear sky
2025-03-09 07:21:13,10.83,35,clear sky
2025-03-09 07:30:53,11.76,47,clear sky
2025-03-09 07:40:35,11.76,47,clear sky
2025-03-09 07:50:02,11.76,47,clear sky
2025-03-09 07:59:42,11.76,47,clear sky
2025-03-09 08:24:29,10.76,54,clear sky
2025-03-09 08:34:20,10.76,54,clear sky
2025-03-09 08:43:37,10.76,54,clear sky
2025-03-09 08:53:07,10.76,54,clear sky
2025-03-09 09:09:01,10.76,54,clear sky
2025-03-09 09:24:02,9.97,40,clear sky
2025-03-09 09:34:32,8.76,61,few clouds
2025-03-09 09:44:10,8.76,61,few clouds
2025-03-09 09:53:44,8.76,61,few clouds
2025-03-09 10:11:59,9.15,44,clear sky
2025-03-09 10:31:40,5.76,75,haze
2025-03-09 10:41:02,5.76,75,haze
2025-03-09 10:50:49,5.76,75,haze
2025-03-09 11:00:14,5.76,75,haze
2025-03-09 11:16:41,5.76,75,haze
2025-03-09 11:26:22,8.45,47,clear sky
2025-03-09 11:35:57,3.76,87,clear sky
2025-03-09 11:45:29,3.76,87,haze
2025-03-09 11:55:02,3.76,87,haze
2025-03-09 12:22:39,2.76,87,mist
2025-03-09 12:44:22,2.76,87,mist
2025-03-09 12:56:21,2.76,87,mist
2025-03-09 13:16:39,7.39,51,clear sky
2025-03-09 13:26:32,2.76,93,mist
2025-03-09 13:36:09,2.76,93,mist
2025-03-09 13:45:39,2.76,93,mist
2025-03-09 13:55:07,2.76,93,mist
2025-03-09 14:12:02,6.86,53,clear sky
2025-03-09 14:25:57,1.76,100,mist
2025-03-09 14:35:22,1.76,100,mist
2025-03-09 14:44:58,1.76,100,mist
2025-03-09 14:54:44,1.76,100,mist
2025-03-09 15:13:03,6.4,54,clear sky
2025-03-09 15:25:41,0.76,100,mist
2025-03-09 15:35:10,0.76,100,mist
2025-03-09 15:44:54,0.76,100,mist
2025-03-09 15:54:44,0.76,100,mist
2025-03-09 16:14:45,5.95,56,clear sky
2025-03-09 16:30:23,0.76,93,mist
2025-03-09 16:40:04,0.76,93,mist
2025-03-09 16:49:45,0.76,93,mist
2025-03-09 16:59:26,0.76,93,mist
2025-03-09 17:18:39,5.66,57,clear sky
2025-03-09 17:28:53,-0.24,100,mist
2025-03-09 17:38:20,-0.24,100,mist
2025-03-09 17:48:09,-0.24,100,mist
2025-03-09 17:57:54,-0.24,100,mist
2025-03-09 18:22:26,-1.24,100,mist
2025-03-09 18:33:52,-1.24,100,mist
2025-03-09 18:43:17,-1.24,100,mist
2025-03-09 18:52:59,-1.24,100,mist
2025-03-09 19:07:01,-1.24,100,mist
2025-03-09 19:16:49,5.12,56,broken clouds
2025-03-09 19:26:17,-2.24,100,mist
2025-03-09 19:35:52,-2.24,100,mist
2025-03-09 19:45:39,-2.24,100,mist
2025-03-09 19:55:04,-1.24,100,fog
2025-03-09 20:14:22,-1.24,100,fog
2025-03-09 20:27:14,-0.24,93,fog
2025-03-09 20:36:59,-2.24,100,fog
2025-03-09 20:46:28,-2.24,100,fog
2025-03-09 20:56:09,-2.24,100,fog
2025-03-09 21:15:10,-2.24,100,fog
2025-03-09 21:25:03,-2.24,100,fog
2025-03-09 21:35:57,-2.24,100,fog
2025-03-09 21:45:36,-2.24,100,fog
2025-03-09 21:55:31,-2.24,100,fog
2025-03-09 22:13:38,-2.24,100,fog
2025-03-09 22:27:25,-2.24,100,fog
2025-03-09 22:37:06,-2.24,100,fog
2025-03-09 22:46:57,-2.24,100,fog
2025-03-09 22:56:39,-2.24,100,fog
2025-03-09 23:14:13,-2.24,100,fog
2025-03-09 23:23:36,5.04,54,scattered clouds
2025-03-09 23:33:52,-0.24,100,mist
2025-03-09 23:43:41,-0.24,100,mist
2025-03-09 23:53:18,-0.24,100,mist
2025-03-10 00:50:28,3.76,100,mist
2025-03-10 01:55:32,8.76,66,haze
2025-03-10 02:31:55,10.76,54,haze
2025-03-10 02:49:24,10.76,54,haze
2025-03-10 02:59:03,10.76,54,haze
2025-03-10 03:23:22,12.76,47,clear sky
2025-03-10 03:34:31,12.76,47,haze
2025-03-10 03:44:03,12.76,47,haze
2025-03-10 03:53:33,12.76,47,haze
2025-03-10 04:13:01,12.76,47,haze
2025-03-10 04:30:07,13.76,38,haze
2025-03-10 04:40:36,13.76,38,haze
2025-03-10 04:50:21,13.76,38,haze
2025-03-10 04:59:50,13.76,38,haze
2025-03-10 05:20:25,13.76,38,clear sky
2025-03-10 05:29:54,13.76,38,haze
2025-03-10 05:39:31,13.76,38,haze
2025-03-10 05:48:59,13.76,38,haze
2025-03-10 05:58:33,13.76,38,haze
2025-03-10 06:27:38,12.76,41,clear sky
2025-03-10 06:40:22,12.76,41,haze
2025-03-10 06:50:02,12.76,41,haze
2025-03-10 06:59:33,12.76,41,haze
2025-03-10 07:21:03,11.18,39,clear sky
2025-03-10 07:30:40,12.76,38,clear sky
2025-03-10 07:40:05,12.76,38,haze
2025-03-10 07:49:49,12.76,38,haze
2025-03-10 07:59:28,12.76,38,haze
2025-03-10 08:26:26,11.76,40,haze
2025-03-10 08:38:17,11.76,40,haze
